-- Insert Region Master Data
INSERT INTO region_master (region_code, region_name, display_order) VALUES
('01', '北海道', 1),
('02', '東北', 2),
('03', '関東', 3),
('04', '中部', 4),
('05', '近畿', 5),
('06', '中国', 6),
('07', '四国', 7),
('08', '九州', 8),
('99', '海外', 99);

-- Insert Prefecture Master Data
INSERT INTO prefecture_master (prefecture_code, prefecture_name, region_code, display_order) VALUES
('01', '北海道', '01', 1),
('02', '青森県', '02', 2),
('03', '岩手県', '02', 3),
('04', '宮城県', '02', 4),
('05', '秋田県', '02', 5),
('06', '山形県', '02', 6),
('07', '福島県', '02', 7),
('08', '茨城県', '03', 8),
('09', '栃木県', '03', 9),
('10', '群馬県', '03', 10),
('11', '埼玉県', '03', 11),
('12', '千葉県', '03', 12),
('13', '東京都', '03', 13),
('14', '神奈川県', '03', 14),
('15', '新潟県', '04', 15),
('16', '富山県', '04', 16),
('17', '石川県', '04', 17),
('18', '福井県', '04', 18),
('19', '山梨県', '04', 19),
('20', '長野県', '04', 20),
('21', '岐阜県', '04', 21),
('22', '静岡県', '04', 22),
('23', '愛知県', '04', 23),
('24', '三重県', '05', 24),
('25', '滋賀県', '05', 25),
('26', '京都府', '05', 26),
('27', '大阪府', '05', 27),
('28', '兵庫県', '05', 28),
('29', '奈良県', '05', 29),
('30', '和歌山県', '05', 30),
('31', '鳥取県', '06', 31),
('32', '島根県', '06', 32),
('33', '岡山県', '06', 33),
('34', '広島県', '06', 34),
('35', '山口県', '06', 35),
('36', '徳島県', '07', 36),
('37', '香川県', '07', 37),
('38', '愛媛県', '07', 38),
('39', '高知県', '07', 39),
('40', '福岡県', '08', 40),
('41', '佐賀県', '08', 41),
('42', '長崎県', '08', 42),
('43', '熊本県', '08', 43),
('44', '大分県', '08', 44),
('45', '宮崎県', '08', 45),
('46', '鹿児島県', '08', 46),
('47', '沖縄県', '08', 47);

-- Insert Sample Inquiry Destination Data
INSERT INTO inquiry_destination_master (inquiry_destination_code, inquiry_destination_name, inquiry_destination_kana, phone_number, prefecture_code, region_code, address) VALUES
('INQ00001', '東京サポートセンター', 'トウキョウサポートセンター', '03-1234-5678', '13', '03', '東京都千代田区丸の内1-1-1'),
('INQ00002', '大阪営業所', 'オオサカエイギョウショ', '06-1234-5678', '27', '05', '大阪府大阪市北区梅田1-1-1'),
('INQ00003', '名古屋支社', 'ナゴヤシシャ', '052-123-4567', '23', '04', '愛知県名古屋市中村区名駅1-1-1'),
('INQ00004', '福岡事業所', 'フクオカジギョウショ', '092-123-4567', '40', '08', '福岡県福岡市博多区博多駅前1-1-1'),
('INQ00005', '札幌営業所', 'サッポロエイギョウショ', '011-123-4567', '01', '01', '北海道札幌市中央区北1条西1-1-1');

-- Insert Sample URL Data
INSERT INTO url_master (inquiry_destination_code, url_address, display_order) VALUES
('INQ00001', 'https://tokyo.example.com', 1),
('INQ00001', 'https://tokyo-support.example.com', 2),
('INQ00002', 'https://osaka.example.com', 1),
('INQ00003', 'https://nagoya.example.com', 1),
('INQ00004', 'https://fukuoka.example.com', 1),
('INQ00005', 'https://sapporo.example.com', 1);
